{
  "training_history": {
    "final_train_loss": 0.12060558795928955,
    "final_train_accuracy": 0.9514285922050476,
    "final_val_loss": 0.6754651665687561,
    "final_val_accuracy": 0.7933333516120911,
    "best_val_loss": 0.42976251244544983,
    "epochs_to_best": 2
  },
  "test_evaluation": {
    "test_loss": 0.5800373554229736,
    "test_accuracy": 0.7733333110809326,
    "f1_macro": 0.7600620147111729,
    "f1_weighted": 0.7735978999176374
  },
  "class_distribution": {
    "Fit": 471,
    "Not Fit": 328,
    "Partial Fit": 601
  }
}