{
  "test_loss": 0.35216617584228516,
  "test_accuracy": 0.8399999737739563,
  "f1_macro": 0.8336974653485836,
  "f1_weighted": 0.837919955183752,
  "confusion_matrix": [
    [
      97,
      0,
      0
    ],
    [
      0,
      55,
      16
    ],
    [
      11,
      21,
      100
    ]
  ],
  "classification_report": {
    "Fit": {
      "precision": 0.8981481481481481,
      "recall": 1.0,
      "f1-score": 0.9463414634146341,
      "support": 97.0
    },
    "Not Fit": {
      "precision": 0.7236842105263158,
      "recall": 0.7746478873239436,
      "f1-score": 0.7482993197278912,
      "support": 71.0
    },
    "Partial Fit": {
      "precision": 0.8620689655172413,
      "recall": 0.7575757575757576,
      "f1-score": 0.8064516129032258,
      "support": 132.0
    },
    "accuracy": 0.84,
    "macro avg": {
      "precision": 0.8279671080639016,
      "recall": 0.8440745482999003,
      "f1-score": 0.8336974653485836,
      "support": 300.0
    },
    "weighted avg": {
      "precision": 0.8409835092200488,
      "recall": 0.84,
      "f1-score": 0.837919955183752,
      "support": 300.0
    }
  }
}