{
  "accuracy": [
    0.4957142770290375,
    0.7428571581840515,
    0.8121428489685059,
    0.8335714340209961,
    0.8799999952316284,
    0.9150000214576721,
    0.9485714435577393,
    0.9750000238418579,
    0.9678571224212646,
    0.9821428656578064,
    0.9807142615318298
  ],
  "loss": [
    0.9022380113601685,
    0.4985180199146271,
    0.3740611970424652,
    0.3299676179885864,
    0.26425743103027344,
    0.19686177372932434,
    0.13352645933628082,
    0.08113127201795578,
    0.07824043929576874,
    0.056045934557914734,
    0.057320497930049896
  ],
  "val_accuracy": [
    0.699999988079071,
    0.7900000214576721,
    0.8133333325386047,
    0.7900000214576721,
    0.79666668176651,
    0.8233333230018616,
    0.8199999928474426,
    0.8133333325386047,
    0.8333333134651184,
    0.7799999713897705,
    0.8133333325386047
  ],
  "val_loss": [
    0.6503379940986633,
    0.4308144152164459,
    0.40852174162864685,
    0.4304100573062897,
    0.43406957387924194,
    0.3849644362926483,
    0.43303680419921875,
    0.4906255602836609,
    0.4404914379119873,
    0.6661839485168457,
    0.5530927777290344
  ]
}