{
  "test_loss": 0.5897859334945679,
  "test_accuracy": 0.7433333396911621,
  "f1_macro": 0.730573321413016,
  "f1_weighted": 0.7381905416867249,
  "confusion_matrix": [
    [
      89,
      0,
      8
    ],
    [
      4,
      41,
      26
    ],
    [
      20,
      19,
      93
    ]
  ],
  "classification_report": {
    "Fit": {
      "precision": 0.7876106194690266,
      "recall": 0.9175257731958762,
      "f1-score": 0.8476190476190476,
      "support": 97.0
    },
    "Not Fit": {
      "precision": 0.6833333333333333,
      "recall": 0.5774647887323944,
      "f1-score": 0.6259541984732825,
      "support": 71.0
    },
    "Partial Fit": {
      "precision": 0.7322834645669292,
      "recall": 0.7045454545454546,
      "f1-score": 0.7181467181467182,
      "support": 132.0
    },
    "accuracy": 0.7433333333333333,
    "macro avg": {
      "precision": 0.7344091391230964,
      "recall": 0.7331786721579084,
      "f1-score": 0.730573321413016,
      "support": 300.0
    },
    "weighted avg": {
      "precision": 0.738587713593323,
      "recall": 0.7433333333333333,
      "f1-score": 0.7381905416867249,
      "support": 300.0
    }
  }
}