{
  "test_loss": 0.705166757106781,
  "test_accuracy": 0.7400000095367432,
  "f1_macro": 0.7230622566773163,
  "f1_weighted": 0.7349454990023564,
  "confusion_matrix": [
    [
      96,
      0,
      5
    ],
    [
      3,
      40,
      27
    ],
    [
      16,
      27,
      86
    ]
  ],
  "classification_report": {
    "Fit": {
      "precision": 0.8347826086956521,
      "recall": 0.9504950495049505,
      "f1-score": 0.8888888888888888,
      "support": 101.0
    },
    "Not Fit": {
      "precision": 0.5970149253731343,
      "recall": 0.5714285714285714,
      "f1-score": 0.583941605839416,
      "support": 70.0
    },
    "Partial Fit": {
      "precision": 0.7288135593220338,
      "recall": 0.6666666666666666,
      "f1-score": 0.6963562753036437,
      "support": 129.0
    },
    "accuracy": 0.74,
    "macro avg": {
      "precision": 0.72020369779694,
      "recall": 0.7295300958667296,
      "f1-score": 0.7230622566773163,
      "support": 300.0
    },
    "weighted avg": {
      "precision": 0.7337367913564088,
      "recall": 0.74,
      "f1-score": 0.7349454990023564,
      "support": 300.0
    }
  }
}