{
  "test_loss": 0.6394126415252686,
  "test_accuracy": 0.7099999785423279,
  "f1_macro": 0.6998377209644815,
  "f1_weighted": 0.7078267741648022,
  "confusion_matrix": [
    [
      93,
      0,
      8
    ],
    [
      6,
      45,
      19
    ],
    [
      13,
      41,
      75
    ]
  ],
  "classification_report": {
    "Fit": {
      "precision": 0.8303571428571429,
      "recall": 0.9207920792079208,
      "f1-score": 0.8732394366197183,
      "support": 101.0
    },
    "Not Fit": {
      "precision": 0.5232558139534884,
      "recall": 0.6428571428571429,
      "f1-score": 0.5769230769230769,
      "support": 70.0
    },
    "Partial Fit": {
      "precision": 0.7352941176470589,
      "recall": 0.5813953488372093,
      "f1-score": 0.6493506493506493,
      "support": 129.0
    },
    "accuracy": 0.71,
    "macro avg": {
      "precision": 0.6963023581525634,
      "recall": 0.7150148569674243,
      "f1-score": 0.6998377209644815,
      "support": 300.0
    },
    "weighted avg": {
      "precision": 0.7178230652726207,
      "recall": 0.71,
      "f1-score": 0.7078267741648022,
      "support": 300.0
    }
  }
}