{
  "accuracy": [
    0.4928571283817291,
    0.6078571677207947,
    0.6892856955528259,
    0.7378571629524231,
    0.7821428775787354,
    0.8221428394317627,
    0.8735714554786682,
    0.883571445941925,
    0.9157142639160156,
    0.9121428728103638,
    0.9350000023841858
  ],
  "loss": [
    0.9883880019187927,
    0.751517653465271,
    0.6277965903282166,
    0.5479485392570496,
    0.46671971678733826,
    0.39679771661758423,
    0.3187602460384369,
    0.27006977796554565,
    0.21818946301937103,
    0.20756709575653076,
    0.16333480179309845
  ],
  "val_accuracy": [
    0.5400000214576721,
    0.6266666650772095,
    0.6800000071525574,
    0.7066666483879089,
    0.7433333396911621,
    0.7599999904632568,
    0.7566666603088379,
    0.7400000095367432,
    0.7666666507720947,
    0.7900000214576721,
    0.8066666722297668
  ],
  "val_loss": [
    0.8384031653404236,
    0.717444658279419,
    0.6717014908790588,
    0.6183408498764038,
    0.5839228630065918,
    0.5798836350440979,
    0.5982597470283508,
    0.6071626543998718,
    0.6241422295570374,
    0.640442967414856,
    0.6029736995697021
  ]
}