{
  "accuracy": [
    0.4721428453922272,
    0.6221428513526917,
    0.6921428442001343,
    0.7307142615318298,
    0.7828571200370789,
    0.8214285969734192,
    0.8421428799629211,
    0.8735714554786682,
    0.8921428322792053,
    0.918571412563324,
    0.9421428442001343,
    0.9521428346633911,
    0.9328571557998657,
    0.9321428537368774
  ],
  "loss": [
    0.9980745911598206,
    0.7521578669548035,
    0.6422163844108582,
    0.553656816482544,
    0.4862118065357208,
    0.40916743874549866,
    0.34768155217170715,
    0.29049888253211975,
    0.2503669559955597,
    0.19867590069770813,
    0.15524744987487793,
    0.12052985280752182,
    0.1617216020822525,
    0.17600394785404205
  ],
  "val_accuracy": [
    0.54666668176651,
    0.6499999761581421,
    0.6666666865348816,
    0.6899999976158142,
    0.7366666793823242,
    0.7400000095367432,
    0.7433333396911621,
    0.7866666913032532,
    0.7766666412353516,
    0.7833333611488342,
    0.79666668176651,
    0.7866666913032532,
    0.7699999809265137,
    0.7666666507720947
  ],
  "val_loss": [
    0.856487512588501,
    0.7419485449790955,
    0.6944026350975037,
    0.6526109576225281,
    0.5973963737487793,
    0.5984896421432495,
    0.6177873015403748,
    0.5880701541900635,
    0.5810460448265076,
    0.5899229645729065,
    0.6195237636566162,
    0.7327490448951721,
    0.7077243328094482,
    0.6520798206329346
  ]
}