{
  "accuracy": [
    0.4699999988079071,
    0.6064285635948181,
    0.6985714435577393,
    0.7664285898208618,
    0.8035714030265808,
    0.852142870426178,
    0.8842856884002686,
    0.9114285707473755,
    0.9200000166893005,
    0.9407142996788025
  ],
  "loss": [
    0.9602397084236145,
    0.7427877187728882,
    0.6129692196846008,
    0.5124562978744507,
    0.42355939745903015,
    0.33965569734573364,
    0.2749869227409363,
    0.220127671957016,
    0.20611506700515747,
    0.14842234551906586
  ],
  "val_accuracy": [
    0.6100000143051147,
    0.6733333468437195,
    0.7233333587646484,
    0.753333330154419,
    0.7433333396911621,
    0.7666666507720947,
    0.7566666603088379,
    0.7200000286102295,
    0.7400000095367432,
    0.7333333492279053
  ],
  "val_loss": [
    0.8161092400550842,
    0.7123931646347046,
    0.6877970099449158,
    0.6180062890052795,
    0.5848660469055176,
    0.6219640970230103,
    0.6652091145515442,
    0.7813413739204407,
    0.696107029914856,
    0.7942358255386353
  ]
}