{
  "test_loss": 0.6286165118217468,
  "test_accuracy": 0.7066666483879089,
  "f1_macro": 0.6881735153766533,
  "f1_weighted": 0.7012163803651174,
  "confusion_matrix": [
    [
      91,
      0,
      10
    ],
    [
      8,
      37,
      25
    ],
    [
      18,
      27,
      84
    ]
  ],
  "classification_report": {
    "Fit": {
      "precision": 0.7777777777777778,
      "recall": 0.900990099009901,
      "f1-score": 0.8348623853211009,
      "support": 101.0
    },
    "Not Fit": {
      "precision": 0.578125,
      "recall": 0.5285714285714286,
      "f1-score": 0.5522388059701493,
      "support": 70.0
    },
    "Partial Fit": {
      "precision": 0.7058823529411765,
      "recall": 0.6511627906976745,
      "f1-score": 0.6774193548387096,
      "support": 129.0
    },
    "accuracy": 0.7066666666666667,
    "macro avg": {
      "precision": 0.6872617102396514,
      "recall": 0.6935747727596681,
      "f1-score": 0.6881735153766533,
      "support": 300.0
    },
    "weighted avg": {
      "precision": 0.700277096949891,
      "recall": 0.7066666666666667,
      "f1-score": 0.7012163803651174,
      "support": 300.0
    }
  }
}