{
  "test_loss": 0.5352949500083923,
  "test_accuracy": 0.753333330154419,
  "f1_macro": 0.7520215548976298,
  "f1_weighted": 0.7515392014035747,
  "confusion_matrix": [
    [
      93,
      0,
      8
    ],
    [
      0,
      59,
      16
    ],
    [
      11,
      39,
      74
    ]
  ],
  "classification_report": {
    "Fit": {
      "precision": 0.8942307692307693,
      "recall": 0.9207920792079208,
      "f1-score": 0.9073170731707317,
      "support": 101.0
    },
    "Not Fit": {
      "precision": 0.6020408163265306,
      "recall": 0.7866666666666666,
      "f1-score": 0.6820809248554913,
      "support": 75.0
    },
    "Partial Fit": {
      "precision": 0.7551020408163265,
      "recall": 0.5967741935483871,
      "f1-score": 0.6666666666666666,
      "support": 124.0
    },
    "accuracy": 0.7533333333333333,
    "macro avg": {
      "precision": 0.7504578754578755,
      "recall": 0.7680776464743247,
      "f1-score": 0.7520215548976298,
      "support": 300.0
    },
    "weighted avg": {
      "precision": 0.7636767399267399,
      "recall": 0.7533333333333333,
      "f1-score": 0.7515392014035747,
      "support": 300.0
    }
  }
}