{
  "accuracy": [
    0.47357141971588135,
    0.6135714054107666,
    0.6892856955528259,
    0.720714271068573,
    0.7821428775787354,
    0.8178571462631226,
    0.8342857360839844,
    0.8550000190734863,
    0.897857129573822,
    0.9028571248054504,
    0.9228571653366089,
    0.941428542137146,
    0.9471428394317627,
    0.9585714340209961,
    0.9628571271896362,
    0.9585714340209961
  ],
  "loss": [
    0.9953357577323914,
    0.7513928413391113,
    0.6333304643630981,
    0.5590212345123291,
    0.4873140752315521,
    0.4176537096500397,
    0.37105411291122437,
    0.30684423446655273,
    0.254553884267807,
    0.22693274915218353,
    0.1969766914844513,
    0.1526494324207306,
    0.13801978528499603,
    0.10293298214673996,
    0.09927114099264145,
    0.09841354191303253
  ],
  "val_accuracy": [
    0.5366666913032532,
    0.6433333158493042,
    0.6299999952316284,
    0.6499999761581421,
    0.7166666388511658,
    0.7099999785423279,
    0.7333333492279053,
    0.7433333396911621,
    0.7633333206176758,
    0.7566666603088379,
    0.800000011920929,
    0.8100000023841858,
    0.7900000214576721,
    0.8033333420753479,
    0.7866666913032532,
    0.8133333325386047
  ],
  "val_loss": [
    0.8488398790359497,
    0.7425306439399719,
    0.719121515750885,
    0.6359757781028748,
    0.5790521502494812,
    0.5985086560249329,
    0.58209627866745,
    0.5565497875213623,
    0.5924009084701538,
    0.6398223638534546,
    0.5254126191139221,
    0.6084511280059814,
    0.6954952478408813,
    0.6757224798202515,
    0.784369707107544,
    0.696505606174469
  ]
}