{
  "accuracy": [
    0.5092856884002686,
    0.6200000047683716,
    0.7235714197158813,
    0.758571445941925,
    0.7921428680419922,
    0.8399999737739563,
    0.8485714197158813,
    0.8828571438789368,
    0.9171428680419922,
    0.9164285659790039,
    0.9321428537368774,
    0.9228571653366089
  ],
  "loss": [
    0.9303494691848755,
    0.7093511819839478,
    0.5760224461555481,
    0.4925558865070343,
    0.4305736720561981,
    0.35317784547805786,
    0.32905393838882446,
    0.27546095848083496,
    0.20822104811668396,
    0.20754966139793396,
    0.1752668023109436,
    0.18520961701869965
  ],
  "val_accuracy": [
    0.596666693687439,
    0.653333306312561,
    0.699999988079071,
    0.7300000190734863,
    0.6899999976158142,
    0.7433333396911621,
    0.7666666507720947,
    0.7666666507720947,
    0.7733333110809326,
    0.7733333110809326,
    0.746666669845581,
    0.75
  ],
  "val_loss": [
    0.7825952172279358,
    0.6692227125167847,
    0.584568977355957,
    0.5688462853431702,
    0.5783060789108276,
    0.5431262254714966,
    0.5142760872840881,
    0.5285261273384094,
    0.5596516728401184,
    0.6023758053779602,
    0.7756232023239136,
    0.7649139165878296
  ]
}