{
  "per_class_metrics": {
    "Fit": {
      "precision": 0.8962264150943396,
      "recall": 0.9405940594059405,
      "f1": 0.9178743961352657,
      "support": 101
    },
    "Not Fit": {
      "precision": 0.6417910447761194,
      "recall": 0.6231884057971014,
      "f1": 0.6323529411764706,
      "support": 69
    },
    "Partial Fit": {
      "precision": 0.7559055118110236,
      "recall": 0.7384615384615385,
      "f1": 0.7470817120622568,
      "support": 130
    }
  },
  "average_metrics": {
    "macro": {
      "precision": 0.7646409905604942,
      "recall": 0.7674146678881936,
      "f1": 0.7657696831246644
    },
    "weighted": {
      "precision": 0.7769005551650453,
      "recall": 0.78,
      "f1": 0.7781942983964389
    }
  },
  "uncertainty_analysis": {
    "threshold": 0.55,
    "uncertain_count": 30,
    "uncertain_percentage": 10.0,
    "mean_confidence": 0.7823068499565125,
    "std_confidence": 0.156265527009964
  },
  "calibration_stats": {
    "mean_max_probability": 0.7823068499565125,
    "std_max_probability": 0.156265527009964
  }
}