{
  "per_class_metrics": {
    "Fit": {
      "precision": 0.9381443298969072,
      "recall": 0.900990099009901,
      "f1": 0.9191919191919192,
      "support": 101
    },
    "Not Fit": {
      "precision": 0.5784313725490197,
      "recall": 0.7866666666666666,
      "f1": 0.6666666666666666,
      "support": 75
    },
    "Partial Fit": {
      "precision": 0.7425742574257426,
      "recall": 0.6048387096774194,
      "f1": 0.6666666666666666,
      "support": 124
    }
  },
  "average_metrics": {
    "macro": {
      "precision": 0.7530499866238897,
      "recall": 0.764165158451329,
      "f1": 0.7508417508417509
    },
    "weighted": {
      "precision": 0.7673804606051873,
      "recall": 0.75,
      "f1": 0.7516835016835016
    }
  },
  "uncertainty_analysis": {
    "threshold": 0.55,
    "uncertain_count": 25,
    "uncertain_percentage": 8.333333333333332,
    "mean_confidence": 0.819963812828064,
    "std_confidence": 0.15484140813350677
  },
  "calibration_stats": {
    "mean_max_probability": 0.819963812828064,
    "std_max_probability": 0.15484140813350677
  }
}