{
  "test_loss": 0.6564472913742065,
  "test_accuracy": 0.7066666483879089,
  "f1_macro": 0.6902244188637469,
  "f1_weighted": 0.7018005968829446,
  "confusion_matrix": [
    [
      89,
      0,
      12
    ],
    [
      9,
      38,
      23
    ],
    [
      19,
      25,
      85
    ]
  ],
  "classification_report": {
    "Fit": {
      "precision": 0.7606837606837606,
      "recall": 0.8811881188118812,
      "f1-score": 0.8165137614678899,
      "support": 101.0
    },
    "Not Fit": {
      "precision": 0.6031746031746031,
      "recall": 0.5428571428571428,
      "f1-score": 0.5714285714285714,
      "support": 70.0
    },
    "Partial Fit": {
      "precision": 0.7083333333333334,
      "recall": 0.6589147286821705,
      "f1-score": 0.6827309236947792,
      "support": 129.0
    },
    "accuracy": 0.7066666666666667,
    "macro avg": {
      "precision": 0.6907305657305658,
      "recall": 0.6943199967837316,
      "f1-score": 0.6902244188637469,
      "support": 300.0
    },
    "weighted avg": {
      "precision": 0.7014209401709401,
      "recall": 0.7066666666666667,
      "f1-score": 0.7018005968829446,
      "support": 300.0
    }
  }
}