{
  "test_loss": 0.4506591856479645,
  "test_accuracy": 0.7799999713897705,
  "f1_macro": 0.7641074574280681,
  "f1_weighted": 0.7767820023487962,
  "confusion_matrix": [
    [
      95,
      0,
      6
    ],
    [
      0,
      41,
      28
    ],
    [
      12,
      20,
      98
    ]
  ],
  "classification_report": {
    "Fit": {
      "precision": 0.8878504672897196,
      "recall": 0.9405940594059405,
      "f1-score": 0.9134615384615384,
      "support": 101.0
    },
    "Not Fit": {
      "precision": 0.6721311475409836,
      "recall": 0.5942028985507246,
      "f1-score": 0.6307692307692307,
      "support": 69.0
    },
    "Partial Fit": {
      "precision": 0.7424242424242424,
      "recall": 0.7538461538461538,
      "f1-score": 0.7480916030534351,
      "support": 130.0
    },
    "accuracy": 0.78,
    "macro avg": {
      "precision": 0.7674686190849819,
      "recall": 0.7628810372676064,
      "f1-score": 0.7641074574280681,
      "support": 300.0
    },
    "weighted avg": {
      "precision": 0.7752169929724702,
      "recall": 0.78,
      "f1-score": 0.7767820023487962,
      "support": 300.0
    }
  }
}