{
  "accuracy": [
    0.4692857265472412,
    0.6292856931686401,
    0.7049999833106995,
    0.7342857122421265,
    0.7821428775787354,
    0.8399999737739563,
    0.8728571534156799,
    0.881428599357605,
    0.895714282989502,
    0.9164285659790039
  ],
  "loss": [
    0.997114896774292,
    0.7571961283683777,
    0.6373497843742371,
    0.5487909913063049,
    0.48534470796585083,
    0.4153522253036499,
    0.32152751088142395,
    0.27458906173706055,
    0.2593790888786316,
    0.21357393264770508
  ],
  "val_accuracy": [
    0.5400000214576721,
    0.6333333253860474,
    0.6733333468437195,
    0.6800000071525574,
    0.6933333277702332,
    0.7266666889190674,
    0.7433333396911621,
    0.75,
    0.7666666507720947,
    0.7599999904632568
  ],
  "val_loss": [
    0.862314760684967,
    0.7302682995796204,
    0.6778855919837952,
    0.6275258660316467,
    0.5758266448974609,
    0.5858069062232971,
    0.6213843822479248,
    0.5967633128166199,
    0.6179326772689819,
    0.6574556231498718
  ]
}