{
  "accuracy": [
    0.48428571224212646,
    0.6050000190734863,
    0.7149999737739563,
    0.7635714411735535,
    0.8100000023841858,
    0.8407142758369446,
    0.8728571534156799,
    0.8949999809265137,
    0.9092857241630554,
    0.9300000071525574,
    0.9364285469055176
  ],
  "loss": [
    0.9721457362174988,
    0.7418940663337708,
    0.582794189453125,
    0.5058189630508423,
    0.41429299116134644,
    0.3566686809062958,
    0.2865462899208069,
    0.24809570610523224,
    0.2271960824728012,
    0.17510461807250977,
    0.16184397041797638
  ],
  "val_accuracy": [
    0.6000000238418579,
    0.6800000071525574,
    0.746666669845581,
    0.7599999904632568,
    0.7733333110809326,
    0.7799999713897705,
    0.7733333110809326,
    0.7599999904632568,
    0.7633333206176758,
    0.7599999904632568,
    0.753333330154419
  ],
  "val_loss": [
    0.8260242938995361,
    0.6886553764343262,
    0.5811401605606079,
    0.5328236818313599,
    0.4915767014026642,
    0.48540928959846497,
    0.5313576459884644,
    0.5710607171058655,
    0.6433116793632507,
    0.6445466876029968,
    0.7577362060546875
  ]
}