{
  "accuracy": [
    0.47999998927116394,
    0.6278571486473083,
    0.7071428298950195,
    0.7457143068313599,
    0.7835714221000671,
    0.8100000023841858,
    0.852142870426178,
    0.875,
    0.904285728931427,
    0.9300000071525574,
    0.9378571510314941,
    0.9435714483261108
  ],
  "loss": [
    0.9682857990264893,
    0.6915667653083801,
    0.5611134767532349,
    0.4849991798400879,
    0.4279983937740326,
    0.39284101128578186,
    0.3396527171134949,
    0.29104477167129517,
    0.22605019807815552,
    0.18026340007781982,
    0.1590494066476822,
    0.1367788463830948
  ],
  "val_accuracy": [
    0.5433333516120911,
    0.6399999856948853,
    0.6633333563804626,
    0.6966666579246521,
    0.6966666579246521,
    0.7133333086967468,
    0.7300000190734863,
    0.746666669845581,
    0.75,
    0.7633333206176758,
    0.7133333086967468,
    0.7200000286102295
  ],
  "val_loss": [
    0.7977653741836548,
    0.6738222241401672,
    0.6403539776802063,
    0.6311838030815125,
    0.6708505749702454,
    0.5837802886962891,
    0.5747043490409851,
    0.6191942691802979,
    0.6805002093315125,
    0.6838582158088684,
    0.8997861742973328,
    0.8796359300613403
  ]
}