{
  "Partial Fit": 1.1074197120708749,
  "Not Fit": 0.9115770282588879
}