{
  "per_class_metrics": {
    "Fit": {
      "precision": 0.2,
      "recall": 0.25,
      "f1": 0.2222222222222222,
      "support": 4
    },
    "Not Fit": {
      "precision": 0.44339622641509435,
      "recall": 0.5280898876404494,
      "f1": 0.48205128205128206,
      "support": 89
    },
    "Partial Fit": {
      "precision": 0.7671957671957672,
      "recall": 0.7004830917874396,
      "f1": 0.7323232323232324,
      "support": 207
    }
  },
  "average_metrics": {
    "macro": {
      "precision": 0.4701973312036205,
      "recall": 0.49285765980929636,
      "f1": 0.4788655788655789
    },
    "weighted": {
      "precision": 0.6635726265348907,
      "recall": 0.6433333333333333,
      "f1": 0.6512745402745402
    }
  },
  "uncertainty_analysis": {
    "threshold": 0.55,
    "uncertain_count": 60,
    "uncertain_percentage": 20.0,
    "mean_confidence": 0.6564064621925354,
    "std_confidence": 0.11159098148345947
  },
  "calibration_stats": {
    "mean_max_probability": 0.6564064621925354,
    "std_max_probability": 0.11159098148345947
  }
}