{
  "test_loss": 0.6934669613838196,
  "test_accuracy": 0.6433333158493042,
  "f1_macro": 0.4788655788655789,
  "f1_weighted": 0.6512745402745402,
  "confusion_matrix": [
    [
      1,
      0,
      3
    ],
    [
      1,
      47,
      41
    ],
    [
      3,
      59,
      145
    ]
  ],
  "classification_report": {
    "Fit": {
      "precision": 0.2,
      "recall": 0.25,
      "f1-score": 0.2222222222222222,
      "support": 4.0
    },
    "Not Fit": {
      "precision": 0.44339622641509435,
      "recall": 0.5280898876404494,
      "f1-score": 0.48205128205128206,
      "support": 89.0
    },
    "Partial Fit": {
      "precision": 0.7671957671957672,
      "recall": 0.7004830917874396,
      "f1-score": 0.7323232323232324,
      "support": 207.0
    },
    "accuracy": 0.6433333333333333,
    "macro avg": {
      "precision": 0.4701973312036205,
      "recall": 0.49285765980929636,
      "f1-score": 0.4788655788655789,
      "support": 300.0
    },
    "weighted avg": {
      "precision": 0.6635726265348907,
      "recall": 0.6433333333333333,
      "f1-score": 0.6512745402745402,
      "support": 300.0
    }
  }
}