{
  "test_loss": 0.7069178223609924,
  "test_accuracy": 0.6633333563804626,
  "f1_macro": 0.46795377069943545,
  "f1_weighted": 0.6637457556893973,
  "confusion_matrix": [
    [
      1,
      0,
      3
    ],
    [
      1,
      40,
      48
    ],
    [
      5,
      44,
      158
    ]
  ],
  "classification_report": {
    "Fit": {
      "precision": 0.14285714285714285,
      "recall": 0.25,
      "f1-score": 0.18181818181818182,
      "support": 4.0
    },
    "Not Fit": {
      "precision": 0.47619047619047616,
      "recall": 0.449438202247191,
      "f1-score": 0.4624277456647399,
      "support": 89.0
    },
    "Partial Fit": {
      "precision": 0.7559808612440191,
      "recall": 0.7632850241545893,
      "f1-score": 0.7596153846153846,
      "support": 207.0
    },
    "accuracy": 0.6633333333333333,
    "macro avg": {
      "precision": 0.4583428267638794,
      "recall": 0.4875744088005935,
      "f1-score": 0.46795377069943545,
      "support": 300.0
    },
    "weighted avg": {
      "precision": 0.6648013974329763,
      "recall": 0.6633333333333333,
      "f1-score": 0.6637457556893973,
      "support": 300.0
    }
  }
}