{
  "accuracy": [
    0.5278571248054504,
    0.5,
    0.5014285445213318,
    0.5778571367263794,
    0.6549999713897705,
    0.6792857050895691,
    0.7342857122421265,
    0.7164285778999329,
    0.7507143020629883,
    0.743571400642395
  ],
  "loss": [
    1.162669062614441,
    0.9994834065437317,
    0.8172666430473328,
    0.5723190307617188,
    0.4798514246940613,
    0.4469318091869354,
    0.397288978099823,
    0.41080453991889954,
    0.3766289949417114,
    0.48908481001853943
  ],
  "val_accuracy": [
    0.6100000143051147,
    0.6299999952316284,
    0.6433333158493042,
    0.6899999976158142,
    0.7099999785423279,
    0.6933333277702332,
    0.6466666460037231,
    0.6733333468437195,
    0.6666666865348816,
    0.550000011920929
  ],
  "val_loss": [
    0.9626153707504272,
    0.7828998565673828,
    0.713529109954834,
    0.6714917421340942,
    0.6348665952682495,
    0.645403265953064,
    0.6781510710716248,
    0.642553985118866,
    0.6703845262527466,
    0.946978747844696
  ]
}