{
  "accuracy": [
    0.5514285564422607,
    0.5264285802841187,
    0.48642855882644653,
    0.5878571271896362,
    0.6342856884002686,
    0.6607142686843872,
    0.7099999785423279,
    0.7078571319580078,
    0.7114285826683044,
    0.7457143068313599,
    0.7828571200370789,
    0.8100000023841858,
    0.8242856860160828,
    0.8135714530944824
  ],
  "loss": [
    1.1594951152801514,
    1.0033013820648193,
    0.7938189506530762,
    0.5841701626777649,
    0.4954323172569275,
    0.46745142340660095,
    0.39976766705513,
    0.41277918219566345,
    0.42611828446388245,
    0.42903873324394226,
    0.33710458874702454,
    0.29403364658355713,
    0.27754533290863037,
    0.296461284160614
  ],
  "val_accuracy": [
    0.6366666555404663,
    0.5733333230018616,
    0.6233333349227905,
    0.6899999976158142,
    0.6899999976158142,
    0.6833333373069763,
    0.699999988079071,
    0.6566666960716248,
    0.6866666674613953,
    0.5833333134651184,
    0.653333306312561,
    0.6333333253860474,
    0.6266666650772095,
    0.6433333158493042
  ],
  "val_loss": [
    0.9478965401649475,
    0.8106781244277954,
    0.7150194644927979,
    0.6369218230247498,
    0.6151321530342102,
    0.6019414663314819,
    0.6080400347709656,
    0.619042158126831,
    0.6012344360351562,
    0.8409619927406311,
    0.6976829767227173,
    0.735065221786499,
    0.82197105884552,
    0.8194939494132996
  ]
}